{"version":6,"hash":{"type":"Buffer","data":"IJJyn+GPTtKJIPn2eYRDOgdAhxQTih0KxTmXS+LUfD/AclTq8sCd0GCSF4G3sTZw9IUGFhLMB8c4llKCa+beGhRyeB7HmYpklA0tYU9fxrgfPnjIegliW/b/zBY8qE5hfIAWI2ZgT5NatRqQZbAdOhPw0h6bfcmHEN6dgdSIH9I="},"indexValueMap":{"9zVsugjZGXJg6vVcvJocG0nsJ0nIFJk6fRFR3mEMekU=":{"valueMac":{"type":"Buffer","data":"rZ/088L/uzB7/qsjT9RiqgHQRakQiX0XBf48WA5T9O0="}},"dVLq/9zJlK2D0Tjk3/ZneG6KNSZGi9Dbdts41odHQpc=":{"valueMac":{"type":"Buffer","data":"90Tt6/nRQQgURo22l813QP876K7hwwZDjTsrjOiTzbk="}}}}