{"version":33,"hash":{"type":"Buffer","data":"PHo3lOieZlBPfu6iw8ctFS1Z09uUsoWVqWXg0oVT4SqqDCujA9MM7hka4gvYYTPpm4IdOFe9LbIXFhyzI2XKF0YppjzuK8euy+T98gdbGzQHPPP0YXbeWyO+1f5X07SDM07GH8lWE1rpso4XAfeBQoKTMyKxcmqLe+hTB5dPbvU="},"indexValueMap":{"BBwnd54IpZCq1RnrZMsVEB2MOumjhkTXKKK20KlwWKU=":{"valueMac":{"type":"Buffer","data":"w70qo+PEj3FFiDPfOJWKjBcOO/h0+8tByqgV+pTM0B0="}},"BVOLJVLJautFwpZ5Yb+YbaW5VNRpICSlb5FAvq9skmg=":{"valueMac":{"type":"Buffer","data":"Dig3TbE5+7jlmIWMYrd87jsmEQzW6PCIh5t/8yITnKQ="}},"BtGFLkUug3qvFgvFpFKhJKBDLCJAT+kGUO7bH8KRpCw=":{"valueMac":{"type":"Buffer","data":"05mJbSUMwh/kEvS/cGiE7V2MUfC7SqWoM/F9ce3sDfk="}},"B9R/Fsp586sdkV2QbS5PzAutSIzl7uy+fw22HfyQskM=":{"valueMac":{"type":"Buffer","data":"P8kEFa9cxgdVn4gFTddEPJcPmNufKnPdCh9U85jlkDU="}},"ClTeoT4hAs8rExFIQlhuPrDYLyAk8UnsMfj097Hs8IE=":{"valueMac":{"type":"Buffer","data":"Rl3AUFJqGMq9q3ogIut5SNa75Q8OHt0htKcUqmcVVJE="}},"DXdUY5xSgg76+5KJE0UxojavLfWmZuFAv8Tzbz4gAgc=":{"valueMac":{"type":"Buffer","data":"kf83YWrIPwgOxadb5LZNruXqDISIUwXc388rB1Jn+XY="}},"HD9wxxKxyHK6oicYLx3l96iU++f3BhNg3KyAP7vvW60=":{"valueMac":{"type":"Buffer","data":"ODTibUXW78L8uou/GmCrXGsHutjIMAGExP4yS2dSrIg="}},"IVr3/ZMqiwqM2iHJ9JnqieDt11Q7fTQNg6et6i9Tozg=":{"valueMac":{"type":"Buffer","data":"YX6CQN3M8Z06xwde8u4xMbOsGvGlZRlQz/TzC+5HkWw="}},"Ihu5LSSgoS7T6Bl0xiwgAEOqYhDi429M0irasOLyeww=":{"valueMac":{"type":"Buffer","data":"cvGqRGj0DV8xTNHb2TQgSZj5J3GTgIyUwSMcuNEo+7U="}},"I4B/+TcyUVqtAqSnYwu4CJaWIG0sFu+NI145blsmBxY=":{"valueMac":{"type":"Buffer","data":"1zp8HdzAjWidBCcohc7zYSXozJMICwXjraESuo2Gq1U="}},"J/MeAvYxbAWLUvrn2ZjB3KPlea0y2G0PyOoItEgYL2I=":{"valueMac":{"type":"Buffer","data":"pN6AwG5D7iVATIAjwCYjrWsmJ8vVt63QcM6sfclSilY="}},"KRdv1WVSRwj6P/gt3XfvsfT9OTzniwuVpcwrbhOjuRs=":{"valueMac":{"type":"Buffer","data":"fpzvIRZy1ikiqIt7mVmxCCLiBWtWcIukhp7TCyffsSk="}},"KTF8Z6wh0kZS25TqsI5Iz24osABMEdYyG28JI9gcQ+c=":{"valueMac":{"type":"Buffer","data":"kRoZX3cUQdjRk5cy9VFM+iNNBMpLNvcD1eQd6LaN9To="}},"Kk2wlf3tDrxoSClTeo2og4KJHh9ivS2XK5iiaoO0e3k=":{"valueMac":{"type":"Buffer","data":"pXJaZ5VGCPCV5/tX3G+fsu77TDkU4y2Ieum8RZ616Cw="}},"K4ldrhuzar+qC9K8BpSmTNzk87bCOIjQF6ZNJaRYhm4=":{"valueMac":{"type":"Buffer","data":"Vq3sjmPQc7FWeQvGdfcriMevIwAPPQzzaeCz9EceVd0="}},"Ne0rjMxmxysw2RcPTdc68xgQsC0M0Z/MweFrSnjsW3c=":{"valueMac":{"type":"Buffer","data":"i78cXK6mR+QlTU/hwGio02El4l+IltGa2iUsW+tD4d4="}},"N05d8gEPTxkwCbDKMwEqNd2gqso+g/mrTCZSzLCYpT0=":{"valueMac":{"type":"Buffer","data":"k1isNpdWKtGjjCEDXMNuFRUScpdM+DOYmCZlQYZqlfc="}},"Ox6rIWZ6loHUlvwMrOL3Mbi43xo21UjwO5Wrqgg/uHI=":{"valueMac":{"type":"Buffer","data":"p5EILmeKuRt4sNmR76UdLdDkOkMuYOYkBYb2uX49b+s="}},"O+rnTY60jgIAJXI0cb638NAy5HQg05SAGe6Qy3EqRD8=":{"valueMac":{"type":"Buffer","data":"QUYaaCrguV4xDbBPb1bXEtQmOr0ShcE6ph71iD/xMGU="}},"PPx4+6qanObMKq29SzZm7G5M2pTcDqWh18udYTcoHoI=":{"valueMac":{"type":"Buffer","data":"qPVHhKh8CBmCRPj2tbCR2KHXUxmgG3xGNsXprvTm9k0="}},"PxmKnuqOqycZLUzc0w7FjrHpouohz7zrgTeBbkxguaU=":{"valueMac":{"type":"Buffer","data":"wTTlQ0+tcdhB8g774Yxt6pp3ZwwcNb199tF78Xh/EDQ="}},"QJmmTx44YIh8ZtNrP27gKVN+EM6FqrSTN93SvRH4Q58=":{"valueMac":{"type":"Buffer","data":"6H3gfyNLUPmJ/EC1iG5xiq0B3f1BcVFfdrYi71HC9iM="}},"QzqlXI1CcZJufgLwphj/b2OHHLfIAUriMt/TGwiZt1k=":{"valueMac":{"type":"Buffer","data":"UZZnRYJXsD3VbKEAjUYIuq2mclg8GsLmcDmczfaFw7k="}},"RCXy5POsSxbAkX7J9LsicXTIE1DMNz7NSNN1UswXO2g=":{"valueMac":{"type":"Buffer","data":"c3vpGxLkp+GkijLMAxbt/Tyfi5Q0mV+3pAV2CGw9ZN8="}},"SD2KouzPAR7TsTZJzVXeC3zlE7Jx/RTcky53IUp0P9k=":{"valueMac":{"type":"Buffer","data":"2KO7p5zB71h0cNC6oDV7PzmRdsth8eoKtZwx+HFeZ0s="}},"TFJnc4iB9o+dJKhehbSmdVXcNETDGpF3RY5IOfcPZYM=":{"valueMac":{"type":"Buffer","data":"yC6nWWWbes8XUkp3eJs3kwiR0JY5LuAnD2R8XfdoJOM="}},"UQnWxoPlf6dxqxYcQEs4+cb30OYGzdzZzeXLX40sWmk=":{"valueMac":{"type":"Buffer","data":"wgPV9lqqYuqflNh8IR9cQusRitrUYY//UOmjr5rwYaU="}},"VZ/Dh1nWFtmV+5RH+TEZZDSd9cjrlJKu68sKIArnyng=":{"valueMac":{"type":"Buffer","data":"b47bAkv8WZFenUm+Y2bbA3D2ayB1yTzuw9CV4UzLg0M="}},"V35rlcSHaapW3Syo7L8IeIwCafGWQTsUlaW0wo2RG2g=":{"valueMac":{"type":"Buffer","data":"WKMNH8tEWXkufChl9KiEXtxhh5Epd/B0Wqcb2L5fCmE="}},"WJKfz0XO9mpbQ/b4KqjJPr2Y2syfUfWi3iV2bKcMyCQ=":{"valueMac":{"type":"Buffer","data":"W2Srebcce9h6DVUeL/fq81uexNcsWlkuTB5Lm/zdCJ8="}},"WOzIvek3XpJSHBE4bLPGyaJRcqPQKOf4FIZThvnRpyM=":{"valueMac":{"type":"Buffer","data":"LAxyabQptOHixjvZ/P6/707WbtJrCMcvd7LH4jS5CZY="}},"X5s882K8v426/MwOmNMUQhGG8jw+1L601iPizfELBxI=":{"valueMac":{"type":"Buffer","data":"wxoZikoMwJ0N3wtb2k6wL3zsz/e0MwtE/yLSurU5KeM="}},"YO27Lw5d2Cr95p8yLLBI+qpxNx+gH6EroN14CDYMUSY=":{"valueMac":{"type":"Buffer","data":"ZRm4kgUcrnahKFG1INEF/TCcTvy0MQQu1COgcwdTZeA="}},"ZuH2iAxr+w19GhAy+2OZeaOHj+zCuTjcgOsfJ6w1IvU=":{"valueMac":{"type":"Buffer","data":"U4jXlUKR07q8AJnnLw0yq7+lYV0po0ZOt+lfUgbBIX8="}},"bFrfjy7kL8vthUuRf5/+4XfT/P/5mCP0xtRjGSi9zwE=":{"valueMac":{"type":"Buffer","data":"f15obUNqM7n838cEscGdpHV/ubf0tL6Za+zkrJx5KzQ="}},"cQsILu559QrUIU5eRiTzW4F4CQB4WVL1Rnt7NzKgH8Y=":{"valueMac":{"type":"Buffer","data":"OcZJ4bATncLR1br0aQzajP69qtDHM3UYbc+EF8Y8ujU="}},"eNDong3ScgwUxBs/PEPPEeOl9zvJff8RpHBiGhsr36Y=":{"valueMac":{"type":"Buffer","data":"a6ZCOxRVu/6iBvXCI7HiV1RTlA0mcfN2Kc/v4LXX13w="}},"eWgzqc/H0xGc9+LcDU0QEHkJfDLTEQfQU4/bg43Z7KY=":{"valueMac":{"type":"Buffer","data":"8M2xMu2MWqyiI71tRj2AbbiliGDCwmyq/so0zlzLXT4="}},"fK/T2j8SS+78JL6dMesGz62zVItY7rTH60kOdYW/M6E=":{"valueMac":{"type":"Buffer","data":"rf7nHCC0uA/iM7Adije4Q9eIEfHw39nYRuox2JKl5yU="}},"fgAtLV9TdoYaL9cTycpU+w8Xa/e+y1CQc99rIoLW65U=":{"valueMac":{"type":"Buffer","data":"J5RmDIwvpIFyDvelvHhkFH1VSPEHP4DXHR6y97rRnIY="}},"gYBYL4ecQpg5nSu7kIIdM16bxFPSG2D1SwUuHU3jEbY=":{"valueMac":{"type":"Buffer","data":"7Ls5egutPaG/quj75bF0DSmQSlj7HKE/PkU4Z2YZqGQ="}},"h3UzXpFxP2oooZS5KBH4MFMLFS0MNj/aVt1WMc7ll1Y=":{"valueMac":{"type":"Buffer","data":"FnnJ2edP3KqxN6Bl2HNeRopusynXJObdUX8feuPrYag="}},"iQlKeKeQmN68zj3AEJT53TxF/EasWLSYVeTIFVisWEM=":{"valueMac":{"type":"Buffer","data":"lX66NP80WpZP0BivFvFC/8gUAji/r4KWZPA9DIeBXj8="}},"insromnonxK544jRUmwgB7BgsjTuyWZKwR0NYqBIQjI=":{"valueMac":{"type":"Buffer","data":"V3QVvmGFvFOFt4mh9sUObGWJJeL0VwS1Ul6cWlYkYug="}},"ja4f7YksZzm/tJadS6lntOlk0PECwhXsNbH3dtbDadA=":{"valueMac":{"type":"Buffer","data":"bVpjzHpifiyntcgxnVrrx7K2TBTOlT5NYis+D/8W/4o="}},"jl7wqK3fPSJ80WLoqZ+phpmdrLGi3HoKcMH7GAHEPHE=":{"valueMac":{"type":"Buffer","data":"G/kvSYV8cHFacWv4I+WJm1ST/1BnXncMF469cIf0yl0="}},"kAzmolsBcwzG0COVHggmgnztfUuJ8zJ6cQxpcC8DJgE=":{"valueMac":{"type":"Buffer","data":"sz6KMapI0YCLzZpVKqiHx54BREa5xobM1PmQFvwk+2A="}},"k2dW2xk/XI8QmccWVH3RulcGyt5IdD4bP8gACC/SBGI=":{"valueMac":{"type":"Buffer","data":"wxWHBygInBbxRBVHwGzlkbYMEcaqOSL0fcQf6o28E7o="}},"lGe0n1ZoB3M81eJa5VnqdgVsvYJUG6+Yvz2QFP8/SFM=":{"valueMac":{"type":"Buffer","data":"zlxPg4hbTPEJY0kIEdJDNVYNgWktEL5hOc8oI7wPdIM="}},"lXX+Sr88pm8XjL4D+7mqIScIpcYOa0qe9YgOaPo6vB0=":{"valueMac":{"type":"Buffer","data":"U+kw/fvtSOyHZ/2H9CNEVZbJKAFxOJOCQ6qBnbZrhzU="}},"mCbe1leLABNxwn5/YA2sKQFpUf0yGfaPY/oR7fwVHTc=":{"valueMac":{"type":"Buffer","data":"HMxistk8Av55Co7C/Mc7MWxKObI7KFdS7ulRfnG12DM="}},"m02d8v+vONRQD/ed/GsKTrR1X56ys4dY+vF+1iVLtLI=":{"valueMac":{"type":"Buffer","data":"TdBAC6flBO2bOMzTl27Ug/FV/xSKRlufoDaQmeb1Bpw="}},"m3AOaZPkbXvD4o5JPoD5ueIZgU09mV7Kbly1vXG15+k=":{"valueMac":{"type":"Buffer","data":"g1z3EvDQzBe8iD9AQyohVh84znJLnwDsrPvU+r6nbDo="}},"m+VpNzBuY9TWUC/ebQZRGp4ZlNhLXAFOw6el9hkG/6I=":{"valueMac":{"type":"Buffer","data":"7nX8gQgtrb4PPOxwgteF+FZwyU0Y2lmDoXvv3+k/lv0="}},"nqH1awATzW+O14IiREIlGyGIandmuIdIr4NbZro34d8=":{"valueMac":{"type":"Buffer","data":"4ZsrRIp8EHcl3FRRAWr3SesIOyn5AAW24/HDh7P6mjA="}},"n6zF9HvvZR9PEWYD/oNU7RojRJW5/kSXUJAbd0gzSLA=":{"valueMac":{"type":"Buffer","data":"9rdMl7GWuJtAPuZC1QGuysrh7xHaxRXPRkicK0/4/cU="}},"ofJo2uUK4R2Hsn8TeJ0I3WVhbxpLKVWJyTwWKsMZ6pI=":{"valueMac":{"type":"Buffer","data":"/J3visu+D2YXdVkwfR29sOKEChfhyl5ARjOquLIfUQk="}},"opH0xIqkBh5DXoLvgn1R7fNMFYp7SPNutXMsrf7NvnU=":{"valueMac":{"type":"Buffer","data":"Dw16Sa9DTmyvCQY3BG+klzwtp40fAKUdIcq3hvU1Li4="}},"o39T2C7pHmH/vgjbJH38d09Hds6INdpkCfCITJHCw4o=":{"valueMac":{"type":"Buffer","data":"Sa93esYyOBblL/pW1BK064VSCILVlPg7e+GbtBqRXqM="}},"pfrIEWbWEExgxWaJuVsdI8tcLm2UdQPbyiETatFnojc=":{"valueMac":{"type":"Buffer","data":"dth4D3B9WcJqdyFscJBpvYsRnSzcrTpwi0d6F7U+k6o="}},"sB6KSRRAYQO6xtCLovMECE6C1mkmmJdFocxFKDIR9rE=":{"valueMac":{"type":"Buffer","data":"hPiA4R0chV6EGrXfzdSpOikOGnwPN3bl9qPVumgjelQ="}},"sb7WkWBRN6P0oBetM10BWv5NxOUdTpKUdX+VFLfJ0yg=":{"valueMac":{"type":"Buffer","data":"/7Yo/XteO+huUoPXEYQzjCQkkGWZQQOl8EdaXxuL6Po="}},"shFT7Md/+h09xF+/9SeZ6ejSRRXo4Ixz9+lqailIWc4=":{"valueMac":{"type":"Buffer","data":"rgtAo6M4NQoil5KUoXjrOF0HoOZ0Q3s2+2wmnNaEtj4="}},"s4NHkNyGFvcCaDAYyxykGqModzdLEhj0AR9ver8I1cc=":{"valueMac":{"type":"Buffer","data":"/qsxH2btXxnn7cZkSDWsjCld0QtiGz9fO7s6mhhhnnA="}},"tBkCXJJ5SQfIhSlgfeV5cKBazB+F805vcQFvgt6zXBg=":{"valueMac":{"type":"Buffer","data":"lGHXDLnEgegi4C/sv0JL3GI88xltVNCpDB79gKPnGWk="}},"tKpy3t7zYoMiw/5810BzbhvluikR0zHHB8VECNNUTRo=":{"valueMac":{"type":"Buffer","data":"c0CPTHA7yV7T1mM5xqHOEFev/kAtrKm0kj19oDTQJDs="}},"tyia5k4RT1hruthJ/732njDNYzwF2SCp4AQdqMNnWdM=":{"valueMac":{"type":"Buffer","data":"L0lWgl+n5cjf0RuYVpksck9objojykXDjRyilGtT4bE="}},"u0I4rINEAfYCKNflRI1MhtBe7iClxyfyjpFraVfHT1A=":{"valueMac":{"type":"Buffer","data":"dwDJm0FDZCAygCzubFlV8gSSTe90N/YeH0ccvYak2Hc="}},"u+On3leB1hTzkkxjHlS9nTPovpSAqG2hnFZt+C6AcJw=":{"valueMac":{"type":"Buffer","data":"/KXpXkYyjfPy8nXtIabhs4SXh65rghcB/CQRPgO+Iq0="}},"vUbQTZJZcZnKMaS9Dn3V4H6k7IZPU/Vw76lItlAmMSM=":{"valueMac":{"type":"Buffer","data":"4mi7qyTADqvC2vd6a30FZXs0bRpQf2JDw2veyefdJTU="}},"vZ91cPS5HOrgRf9txgqgnb7+kh6uX7efrBtgXna4SF8=":{"valueMac":{"type":"Buffer","data":"VJWaaOo79T9TpLiFeuljSJnOp6BQpA1MJ8KpbZHLnlY="}},"vvKQ92WXCbePO9pyjntivPV93f33HJbJtgZrx3X9Kgw=":{"valueMac":{"type":"Buffer","data":"OCX/wXORZeZDYrheawbQgPmU6MujgX2yC8hXrkohIG0="}},"wEZOO6HB/5dj2MUNLiXQg3ABSck1soMCgZe8HzMantI=":{"valueMac":{"type":"Buffer","data":"egAPO+1YxHphvHmDw0/f5g4Jtnhs741GS9BO5yy89oc="}},"wTBbBwCB69JdjPkGXmnnzdtMwVMte0ChHIEW3CMku2c=":{"valueMac":{"type":"Buffer","data":"BrNOsTCtCMKf/5HkVG0gSb3AmbuRXAcWp6fY0sFkwl0="}},"xdi8DHwxvs9P/WJqQhkyE9uhHkdFdmpijVGWOEFcgCA=":{"valueMac":{"type":"Buffer","data":"cy5Q13Fq9WTix8t6Unl/J6mWB72tJRY+wz9zDEu/k3k="}},"x3RdsnkAYWWMoZNpbZXDkjy1gBJ0xjrwQKLnQCDbAww=":{"valueMac":{"type":"Buffer","data":"98r3gMUsx4r8qyvg4ubLqlWNjG7xzycQSo/Z3Adzgms="}},"x8fu3iP/6y4VGSrOUaZGCN41ZHH/ZczkxyPdBp00ah0=":{"valueMac":{"type":"Buffer","data":"qZZZgmj1DbzvXL2qNBqZUsOQQnf3aCehnU33l/Kcbts="}},"yTt+mf/BLm9IRMxoX2+RZEeROvcHHITtCNkN08ky7So=":{"valueMac":{"type":"Buffer","data":"9hY3L1YesCZo5WQNfxGBenT/KkcB8/zzadORBQ7nmbM="}},"yhok/a6y9uETr1IDkAfCZalRp7x9Cmo3bQYlRlKdzMU=":{"valueMac":{"type":"Buffer","data":"E48m4g4hWonkMEoMYqdZPuCERxa4qYRCrFXGI0CAYjw="}},"zPkW2HeEEJXxYE3xhpvv3Mn6RhVvSkHV3CNeS/L37cQ=":{"valueMac":{"type":"Buffer","data":"QDih1pQ7X8HHl62UEJT0RsKvAQOaeWv6FX0VwiIqzDU="}},"zfEPvOY6Sne00RJRV+2B7iMETsLzRQGHx3ly05W4TUc=":{"valueMac":{"type":"Buffer","data":"WpK9mX2BNwUpJb9M28/ldnbcOwFylaAX8vtzJcN13tI="}},"zpz5o4XzICnoiSeRgRy8WlOyIr5uxeagnXoAQkBER0Q=":{"valueMac":{"type":"Buffer","data":"zXI97zHb8QDyioESroNb0L+BEgCcM8nhK4GmQBBxa+o="}},"0KCJy8RoJqxfhUVaYrjkfrvg1ZHQfR+3D29aJzyrfm0=":{"valueMac":{"type":"Buffer","data":"daTvIIlziasNQVcbmGpK+vrOP3ZVaJTzYYM7N3lYieQ="}},"1SuCjY/XNLJIcorRUzhUjg+o0uTbvRkMFN6Xu/g44mk=":{"valueMac":{"type":"Buffer","data":"wGJFYGgndr1FnETrBKKT6UCG2zpZnp9/yk+Uc4hJp2U="}},"1WZEzcOWCX/CWZIyOrBsvDIZX9gPxNnTRc7mofGd4MM=":{"valueMac":{"type":"Buffer","data":"PHD3QV2Gpd9Dag1WrHkRJbHPnBUfHhkFmWigXRJ6A9Y="}},"1igjay26LbEMz32QqmfWVEC2i12tLwayDRGoeeNLt30=":{"valueMac":{"type":"Buffer","data":"uxYs9NJEGbvG4e8me33SJp1Q5kgLNeBKTbgkrkW9Vs0="}},"1nNgl0vfUltXwu3vV+p+P36eQghsEkbRLLqf9wIAOsw=":{"valueMac":{"type":"Buffer","data":"5RFQza/C+dCxaHtzNYM+yTl7H+tGSKpTUceKx7Wv+r8="}},"1yhSDpz/r7kBrLPKi4dCUjRuGsVYtz29fNb8S62Svzs=":{"valueMac":{"type":"Buffer","data":"fcsY9JBen2FDRWhoQEAx1Rz8KMfP5EMIQSgU2OOHFJc="}},"3UdKMGsQ1+yf8g2BaXgSjANcnHgFB1nhsTDqlERQ59A=":{"valueMac":{"type":"Buffer","data":"j8C5pTPQz+rKwF/nmMFnSLfqCv6C/zLqwKL4vqS2p8U="}},"3v4TSKG6Z2P8gigN6HhonZG4xqDsj+0OsTCkUV2wsCk=":{"valueMac":{"type":"Buffer","data":"A3l07xYeigY9rei+cXQF8iHzQ07VeRDA0qTaT7++o9k="}},"4FtiEjTmxe5VaQOg5S80quX+V66e9xbwXloHBu760kk=":{"valueMac":{"type":"Buffer","data":"PqjsCnQeipNm+I7iGpza7th6ubJoM7bY2EfhHDuAe1c="}},"5U0kqQRcAhGD0mvxP9WRLU/nzJAiHXFM0ZaqIfvomMM=":{"valueMac":{"type":"Buffer","data":"5+PFzcXS7xO1ShiQJ8J5goBLIblZeqX3sGP/iQSe3s4="}},"5tLCgyza5mmOFmZPTdTLOYgBadPWchaXzd+1/Maa4h8=":{"valueMac":{"type":"Buffer","data":"N0FEAMIwTiv980UEKoWwccjp20Ja9wDiYtjAxYIpF3A="}},"57pBwVhQWLuJ4I9o+UPHYFOB2rrzSE0k/K7PR3Dcg1I=":{"valueMac":{"type":"Buffer","data":"WUz1HBUKtGqS2Kv5Z4hUSnpwPG2f9K6KUxYrwU0W5CI="}},"6RFgXxxjHuf7zLbxtEoMs48BI2TZAUnWdaVrCvfV52I=":{"valueMac":{"type":"Buffer","data":"bRRwjvARhewsEuAWX5Sy8qF9zpjQEz0fhl7TB65NTOo="}},"64wiLBtMBHxR6sLauUqtN0yNvxtRPWWx5y7+xsmMLqU=":{"valueMac":{"type":"Buffer","data":"SGciyNZHVRF43bU8MV8NW2moJdvNh2ZQfDTWwKpVihQ="}},"8gjq9eigAGdpZ3sD+anDJ7P+E4cyWHcQkxnndiZXQzo=":{"valueMac":{"type":"Buffer","data":"wGIPzpjbWiJQGcxqq9wFc5+HmKIUN705k0p4O79NDOQ="}},"/hMXYIpYFM0R1LNlvbB+tv2tEFMDgsCCZpibT+RrgH8=":{"valueMac":{"type":"Buffer","data":"c+fnFdRBpCXCaMo8O5zNZkDbqacM/cEU22gOib0rqSA="}},"/o4KxJaIWJIjwsn58cafblcO1d9YSUeg8SvYNIGz/CM=":{"valueMac":{"type":"Buffer","data":"JRWCrF2cCB20D/y0O70dluFA3GvPBnDjNYK7+lG4iso="}},"ggWJLJJGi4ykgW1x21tW3+4fd5drCYFYiYeZSqE2HhM=":{"valueMac":{"type":"Buffer","data":"iekVgENGr6fg1FcFBciVsFPCpSf8p6+U4yj8226BYU4="}},"quRshwrhYc94qwTfzBS37Bfg6srbvAcThfR6kjpGkEY=":{"valueMac":{"type":"Buffer","data":"IVdOoq4cindSYP3o//iwfeU8GmapokiIVH5kbTg1NwU="}},"IR+x+UVGxghlAhNbp+DaP2NFMNtUNGu5M5DvW7zl+NU=":{"valueMac":{"type":"Buffer","data":"Qfjf6Y9txNghTp4BSKUeejp1Kn7CKsHaVul3DCR05UI="}},"0bV5GK7Jsg2AEGl7wSF8d0oCpiqgBqOCNa8UXnXO2Rg=":{"valueMac":{"type":"Buffer","data":"sd6w1qDgEmd5TSjyEfUn2d3NvgE6UK30md0yE92ZEmc="}},"/cThZvtZXTK7S8JPQlnpjwIPKgo+h88qx9jwI1QCq1o=":{"valueMac":{"type":"Buffer","data":"4Z8/gBafUG94URqVZH9/0AsuMVTt/yAscIdiCehVFcY="}},"iM/DoZjCw+zR+quTuL6lYqklsCokN33u58TAJCcMXTI=":{"valueMac":{"type":"Buffer","data":"wqG/CU9CNE7RJ5rgVpcXbZQO0d3psvnlCQZRVHEhg+c="}},"n6lytiOwxzLwu1RjOZsJr+dNkFSztnEtPpUoIPAL+po=":{"valueMac":{"type":"Buffer","data":"x84mPz4d+nOkUHJMikeHgIUdIYdiTaB63X++wmJDN5U="}},"eRlAMu6auIJ1164PF1P9ENUQ6C9QgT+954vp9jxG0yY=":{"valueMac":{"type":"Buffer","data":"xBzzXtx2OE29a7xWl6SzpfcL5TUtkc/PvisQjNZ9T9Q="}},"0ZyR90yedekkKbFl8eJc6Ny5iA1Pavqad0P1D5LOCaw=":{"valueMac":{"type":"Buffer","data":"wIiXWsYdSmymIqIXcz8GcO02PzjQT8VFhd/sC5EDbIw="}},"tiOwsLRyhmrHUon4Ublydnwjsmj2cRvpBEu7lCko2PQ=":{"valueMac":{"type":"Buffer","data":"7Zeoad3ak7ws/h5DfDQJhOkGiQRafh4wJaHI9imTmvo="}},"PZjV+CtcSFCmM+YWZ7N94RuDlpW/QakbIxo9wfeNp2U=":{"valueMac":{"type":"Buffer","data":"KsoKUU+CKmauhqfMC4QAmMBXkCp+6VgjqbTSFijNXgU="}},"Y+HsU6ceq5B25Wfuwqnxcs7cjfxn0BMhrwcCQllmHAw=":{"valueMac":{"type":"Buffer","data":"mBeeGBDvRUmSoVhi7xZuJb3PioZtJm1HPhC7AB/5Y00="}},"I979mas4adCftDo4D7JjgnJXnLMO6l+mAuPMjOuznBA=":{"valueMac":{"type":"Buffer","data":"uPbjZtuJahPCsZ9HQnl8jlPauaWSCRru9b5OG9snP5I="}},"2O4+P3BcsELGKlFeOA6SJxiu/vIelyWM4V5PSZL1AiI=":{"valueMac":{"type":"Buffer","data":"Xs/nTnlrYUovXs1Iy1dsZrE9nMbZp1tJSODlDrnLyi4="}},"F0Icw/f7A60tNDUdkn+Z+nTUFZBdn7rOW5XaB1tZiJI=":{"valueMac":{"type":"Buffer","data":"p2CJfBWuri3cMtlbzfQwiZzJcp24A7IFw/TTXW4k/yI="}},"4Suxmk45Of92Lkw0Fn36vcS2KCxzetVR8T0QWbglhn4=":{"valueMac":{"type":"Buffer","data":"1mwulBV8GJZ33HVcUp9Bzil/JjEdO7I4IS3M/kVcwno="}},"EGdwEJ5Gh8eUjKUsAEKk7xLKiFiBHIXj2bEQ4jiK5qg=":{"valueMac":{"type":"Buffer","data":"PJLSj3cpmbhk/MRO38+KT8NUs017wjrBRDsLDi78/BA="}},"UzhK2vjmkPcdrvSEtL9u6Sfzn7OOu4ztUYC7/9kz+vs=":{"valueMac":{"type":"Buffer","data":"f10xDqp2m503wZFWU3MK0ytvsFpfHOk3HZESZXscQLs="}},"aqIn3idGjvR22twxYs93ZCplcwIEDH648sMsa8cQBiM=":{"valueMac":{"type":"Buffer","data":"JYcUHaY2qkutAs6rjzmIKMCs3b3o46ZUoRdE3Y7h74U="}},"/x+pOladGGz3SqyRCs6q5m8FHiRgCMy79yv5eAr0Mec=":{"valueMac":{"type":"Buffer","data":"gd9jb7GSX27vaZO2eTG7mcsPQKjF+qKQdJL/c99WT3E="}},"wlDIethrxzCU6LjRkTFAmd661f7AVFViuFec8Wt8kPU=":{"valueMac":{"type":"Buffer","data":"F5lsBI4CweJBpYLz+upsNGlGj/lPNvrBo4DCbD2Dt+s="}},"4V1No8FeoYR4hySNtNu1c3krvd7SssuIWY8nZntcrDQ=":{"valueMac":{"type":"Buffer","data":"D+k3wkJYjq63SzdDSushKK5P40Y5yjEloSJDV3SUaNk="}},"Gq+SgDhtgwu938afDZGvwI4hLKS6zVAfm2GF7ackMy8=":{"valueMac":{"type":"Buffer","data":"H6sPTmYOoOfjlPVL2S0GE0de+YZXdoOzTCdn4tmwar8="}},"RfKAp674Qv4Rn5y7uzeRXlfj5bb1uknzqSr0v7BnwF0=":{"valueMac":{"type":"Buffer","data":"9LoF6piyMacvbRa5SOLTUPIJDaUk5CFoUpO4bf9KM44="}},"hf2BQEw3JNmJlX/3ia0cAKanFkc6D6nTF7QzjtcP3D8=":{"valueMac":{"type":"Buffer","data":"/SNgKWQYK4neODOvQsROTJvjUSzZ+c4JshtvM5qlC4g="}},"7jOcglvqvcFqwldHrGrmw/JqJmQvvqKsJKW7woQH0w0=":{"valueMac":{"type":"Buffer","data":"t6IN3X8E0MQxNIOGN9NtGIvPmR24KDBNi8mJBu1x840="}},"v3G9SSWnBS1x/ThHjKm7XMRnpB7vOrMirp27aKPrUWg=":{"valueMac":{"type":"Buffer","data":"sIdDSMv4IhyujvYhiW5T6BU16kR0S1UsNv7XxA70lpc="}},"ek8JqrbLul6nUPX+GAx3FINNubJEEcRxH8C/DzmZE/w=":{"valueMac":{"type":"Buffer","data":"67Ntdced+/wFLBhD+EAY9InSgsrEBTLKznORTTEE/Sw="}},"0gGbeLpQMgOkwQpMcF05pSMsekfj1yUe/iA2e567Tow=":{"valueMac":{"type":"Buffer","data":"LsZeoxJBZmCo2N9xmElvp6xnBbaZ8WV4xNau81LcpV0="}},"YVeojVgzGzw2vRZKdbk9/lyM3I4cqjtnJVX33vdGmR0=":{"valueMac":{"type":"Buffer","data":"9ysxQ1tOV/fYJvJY+veBfeW7oSIHnP2Lx2v7anZhkyY="}},"MOjqaMLKFYskhsnwm+i0/QN2Ygs5lAOARaspdDe7JMM=":{"valueMac":{"type":"Buffer","data":"lbgfB19tgc1XVPaZTYPcapkPdOrqOFSSrbVTl/S15Nw="}},"52R7AT3OSI366hQ6Unjqzzi47fRXwknPMAFNi/r7Nkg=":{"valueMac":{"type":"Buffer","data":"WJjrBjAIm/6fxeoUHtzHCChFDgVhsg1cZ9qq40K1IX0="}}}}