{"version":32,"hash":{"type":"Buffer","data":"OxWKqUQSO8qTnol876awZBqXTXt/7ii/glxzMsIY70+7NAgJXJ0a2CmJ5f+diVgr/2f6ixAeD8rHuHVL22yh7VRofqXhOQTVJfnJHFeot6AkLAb3ADEBvxqsfpmZehtiNJCdC08GXQxTGNnW5YQVHiN9yoDQ1Nw3ayZs4hUcCI8="},"indexValueMap":{"BlOPKrX7FwxpNqS0Bwe/2ftV0Jjgcbe8ZNX82IqpGbk=":{"valueMac":{"type":"Buffer","data":"6/npCkC/EudIK+et3y74EUVZoa5O/P7SBYPYaKEJbV0="}},"CblFloeGcuh3NVxruhmZBuxePnO6pV/nmvGTihyAz5I=":{"valueMac":{"type":"Buffer","data":"/8/IMuNJIEkqmautFLHjmYe0QLJZkEj/jPJmPezj22g="}},"CtXfmmZ1lEgiV0AWJHlfGrlw0HWD2MoET0ETFhHXqC4=":{"valueMac":{"type":"Buffer","data":"zJAdGFJ6N/DtQma8OB0gvWZt9o3VlI5Qyt+073JHctM="}},"C+ahvYoWbnnx02nUuucrBSYRAYeQkhG27XKxSHqQ1Ig=":{"valueMac":{"type":"Buffer","data":"1sxB5PYnpNXasBJYRS35nCvz1blhBCMGLWTLPkB6vAE="}},"DZqltF5p4ze9WhLMgZUppxxAzxwaVK6uVYnw/TrOI80=":{"valueMac":{"type":"Buffer","data":"vKWbMX/MkGnQzEyzXJ6ek7ZvpOeencBxkbVM3meOxNQ="}},"DjYlkoqSAPAQDSFvxmBn7gUnTXjbJhARPuGYrA+Cz2I=":{"valueMac":{"type":"Buffer","data":"UEfZq4alRbapLGPdNIrE3mfKVgQVMuqgPbMOthEqjEM="}},"EzKRZfGJr2hwVjp7iY/tcnL8xGMyt4X24AqoXBk9M3k=":{"valueMac":{"type":"Buffer","data":"Vf/elaPqH4Z/KqxciavK/iaDSrdq3xj6TfczarMuon4="}},"FPcRvJnW9lDvFYYWAHSwGDoevDBBkgGnQ5E4gfnTGf4=":{"valueMac":{"type":"Buffer","data":"4UXceRQGR6SZtVkASJ6UnC4mdbsCM+1N2rR5B/w8rbw="}},"GHPdR2RaEnEWyXlsD67L/gQO7PnhURjd8pY0r1EqD+8=":{"valueMac":{"type":"Buffer","data":"lv4Ay3d2y+m+ftCNwu7FlG5NOb/z7vMJsjeu8fdtUpg="}},"HLcPNqF7OCwi7YKTxo4UGaD2ipUy0zC8N4GRPNIyD+s=":{"valueMac":{"type":"Buffer","data":"Uh9Q7i037NkC+BHe/rzXHVuFjmLQqb1r1mPBbiScPO8="}},"IOUFffDiBtNd1c2YNvCNXMwSUHBbVmd65F8dKKIG0p0=":{"valueMac":{"type":"Buffer","data":"dP5bWJuIB12OaDSMdQN1EKEBJ+L97l2YXMC3ikbHc4E="}},"IRKFXa5BjnVSCHKDAubCSdzy8j+DrwESHyxDL7C2dQY=":{"valueMac":{"type":"Buffer","data":"VGtR0OUL1TbxFzsI+uuVb5lG/nyLa7CKaeidY0FxQAM="}},"KUBHffKQSg7rx+MFqwuf6jtoAo/J/a0ZCqUfZZdMf80=":{"valueMac":{"type":"Buffer","data":"2p3rh6eQHO4WyNhHeTmn81+rvlFxu+JdS7rVFaBmYfw="}},"KfcrVV4aCBnPEfdeWDRuRLTigtf/6ZH3koVVs2ylKXk=":{"valueMac":{"type":"Buffer","data":"ZBDGp04pmI9/0t3ybRYH+6JTlD2TS/mOR4S8hIe/Ofg="}},"LFGG9AGSVHP15oCuaxQBMDhyyY4B7dlm2UZr3NqUvhE=":{"valueMac":{"type":"Buffer","data":"LXPgMGkWWxcsjMA9G6kk0RO/lwDLhJZ4GfqsYidmfGE="}},"LhE7HvpdyqIbv7OifL0misbpt+w1EJ0WTaV6TjZFpSA=":{"valueMac":{"type":"Buffer","data":"BN9boQx0003jRZTFXfTFbiGuzM+VuJeIJxa9ircqxTc="}},"MNzTFvsbIL2oCeN7me1MRWwl9WYPni57Njcg/4qDAx0=":{"valueMac":{"type":"Buffer","data":"NYEXm9OUhFenqCe5VqqT1GTjRlHUdxKTy0FG+r8LzsY="}},"MWsZbqGFu6Xn7sQ+iQ0iveygf6zw0o2cyqx1ZCCYQ9Q=":{"valueMac":{"type":"Buffer","data":"WoHbDtUZcogGkLG5Tn2kFpXMXRd7jeVjHpc9wl9GEvo="}},"MsunxEd22PXUsY2ZnLSsosLIN00m14APY5+IdXH2wiQ=":{"valueMac":{"type":"Buffer","data":"mwXml0X4xBlZwjUo0m0Z5qchl02BisO6JqBNIQOeEhk="}},"NBfGooXeDQP/I082+13EJsVVUXEfcrZp3uwkVbmU/nE=":{"valueMac":{"type":"Buffer","data":"chqwT1NEIUvI9PIJ2BWnY82hx4qMCVv9U0kB9+GdYog="}},"P+MQFfj8bt9V9nM35tqW/tq1v7v7JFBlPIMim4lm6Q8=":{"valueMac":{"type":"Buffer","data":"aP5Kv0AxiTy1gkS2mR/mn6ibJao9LDMzZe66+vaY338="}},"QoNmFrn82kEACH8NfEmfsiBpps9gWixN2F1bUyRkYLs=":{"valueMac":{"type":"Buffer","data":"LKTaoeBaA0/9C2CTXTw1m6KFYVYsZ8WT17hvQwWXjGk="}},"QwW3jvlBS+koueuL/Li+TkvkN9RX/u7dGWtRb0ngfoM=":{"valueMac":{"type":"Buffer","data":"0gpD1A14tREAT3eEj8vKFl/FKaCIUuC919fe7UsI910="}},"Q3siBVh7zxRE2L2n3JsdRMd5OACUgaEDZbbcCdqoQ6g=":{"valueMac":{"type":"Buffer","data":"k+kjva8aDiBJWDn5rye4ZEr/sDSXKNMHgXRB7jpUrII="}},"SdS4I6CIjqplThDIkGkRS5Z6BpoSCeC3Z4yWTtz90Do=":{"valueMac":{"type":"Buffer","data":"y0wMxnX4lsbVNJw/CAKrRxletW8nAUe7Pw/Fjl1RgV8="}},"UfN0P8QKS3jSn2HRwy6woXKjKXRuWgt6cvgf/I9horc=":{"valueMac":{"type":"Buffer","data":"j1XvCeAd9YQzG5KGSDCz8L9VcosO3qNy+RMbDuhd8po="}},"UgR+IFhm/x5os6t13ITcyDC3dFH3WcOIgXoeknmfTGs=":{"valueMac":{"type":"Buffer","data":"3bxTL9B4dWaH2hkvrGh+/mXRp1G4QJ1T/BrepnQjydI="}},"U1TNua0ljk2z20aiexupEGnuEthCsDHQ7oy42gixDsU=":{"valueMac":{"type":"Buffer","data":"ztaihY7fO2tvw1xgc4BGFtpuMhZn4O7p9xLiVRM/bBo="}},"VIrN/CoAzxk3s9EVbbesdC3NQarxcrZnNde9V+2w1tA=":{"valueMac":{"type":"Buffer","data":"4DXAltVgN5C+iwkCvQe5MlunSzx32DjIuqapPzRJoC0="}},"VhnMBnWj2U2+D9lKSDZBAV/dPxrKOWwDH7SYEtQHpS0=":{"valueMac":{"type":"Buffer","data":"qmNV+0d0K+Tm6KhX3hL8eyg+qgihtfw0ObgagHLXU0M="}},"Xm9DCnXbKjuOpIHCaE0wfvsPnbHQIBj4X3nV4kBHyVI=":{"valueMac":{"type":"Buffer","data":"HmlCdvTLlo7+2N8pgBHbukSns8/Qh9k4QXNT6CLSjP4="}},"Xr/9YPgwYbXa7xC21ITMkzETyQVo6hHm+ZUjOqjmGdM=":{"valueMac":{"type":"Buffer","data":"VxC8Tg7RahOpFO6TvFPdzNli9sUZ15URJvz51ix2L2Y="}},"X40rn4EH/JREcOZyc00jmpUSNxu2hFtPcfYOsCVfLmg=":{"valueMac":{"type":"Buffer","data":"ebG6nHFggKWghIYeWH3eY2xdO7BD7d/zA0QDuYeRqt8="}},"Yeib7IkHOwLfpG8cthU5X2lUPQCK8phTo2YB0/vQpT8=":{"valueMac":{"type":"Buffer","data":"qQcpjyTllW0SnZOKidgOBEMuhxXdP4xDN9JfE34w2tI="}},"Yg2LeoonmBFXr0URUnHYDsyGWUkIBJUqwDoLOhnoweM=":{"valueMac":{"type":"Buffer","data":"aNTUwbUK4HhaMjTtd53DjKlnCBQksj9bLOFYw+6UHcQ="}},"Ykfufiv0CNfwijMhg1NDJV9zcfWP91OKa4P/WZeYVQY=":{"valueMac":{"type":"Buffer","data":"mFIy3mR7+34otWRCG++nbYYGl2xs78uo+49CssQ45bI="}},"YmOuc+cwd8nwS/PLsknCRGmRByRTlYHvO+qsQNZ4hLY=":{"valueMac":{"type":"Buffer","data":"UI0vqsiScIzi9jfigkzTBvhhH8hMzw6RQE9LTwPc7cg="}},"Y2aP4iPwU9HZDfWNS3tfP4Gjq0qlH8RJ4HvMSpmmh94=":{"valueMac":{"type":"Buffer","data":"nRbmyUyFOQO7fW4049nG6G/FTl1T3D9ZAWz9djCrwu0="}},"aTYDey2WYaq3de2Saho60D0qYsRPzL1l4CfiuEqYPmU=":{"valueMac":{"type":"Buffer","data":"YhYF/grfyXGbrBUh9Jb2aENG5blX09u1Zl1dAKbwCvE="}},"bQkEmE1KJLSzjGbq+JJ14mf4FVhmTECUoDZ70jsR1J4=":{"valueMac":{"type":"Buffer","data":"RteGOlgxoGEGau1qSOwROawyW2RdYSPHESqh8gc9hYM="}},"bbRPTU721swM4xmX3/ysvem0v19Wa9TYBuU5dSWQMlY=":{"valueMac":{"type":"Buffer","data":"lVvRFO8emATxjT9hbPLahl7K17fIyn72s4pJBq3OCxI="}},"ctDVH0FejSh1E3E+1ecGO93WNyT85un/OQ1b9hjvYq0=":{"valueMac":{"type":"Buffer","data":"/ISU5Iyc+6ZpJBFo5VdCMpzLdWMsr5vdgRsUqwRpATw="}},"dJ8hsuHRs6DqF0/hSM1hIWxCFuq3kYNEuUY2pewR8I4=":{"valueMac":{"type":"Buffer","data":"xRyAD/V9SdcSdHgfv6rtke9Yxfb7bT78WdInvytwHd4="}},"dMI+IHWR+0DpaRma8BlNp53R4YS/YpP52VIBO0/Wf2c=":{"valueMac":{"type":"Buffer","data":"lnq0P5KJS0A1RYgT3JjbwEmMIZd/zE1p1JjBVJ9WXc4="}},"d7pTl84+qPwp48M5oDQxzso6cHTnvQ54VqwbG7ItXHw=":{"valueMac":{"type":"Buffer","data":"t+AZgxUfVE1BYPROf4wQy3gb3sfYsH4rDFc2kr+XP5o="}},"eY7YrfIwhdn2CB6egbDeTyBhJ933bnbhhk+O4hRdKwk=":{"valueMac":{"type":"Buffer","data":"Ds98zSFd7wvfQsjoZOdU3ewEDdb7ucaHZuMd9beK7uI="}},"fcG3ZTXpeJy2ABcyJEUnc4wJWMnhKu9PbhPvvKi72cs=":{"valueMac":{"type":"Buffer","data":"mBW+mQLgJdzZV0fCo1GHF0lsp4toOE0JPD/4QzKyitM="}},"ff6NC5GrMiqmF53jRNoQ+AXUDQkN6NoxCWlamCzb0Q4=":{"valueMac":{"type":"Buffer","data":"4uYxlD6/nxF+azHAC6oNUXZUq5Z+yOVsOgLpUkwjolQ="}},"gaatJmdXzMNkdWies9Ugv1pUOM7oQ4NG9QQZ+yV7aXk=":{"valueMac":{"type":"Buffer","data":"1lfBxYsd6G4+QIasb6+teqbKAGKmv42xRSIkfkr7ii8="}},"g4PWdwnyv3QXZ7NksR50Lpv67u8Ei8+iD4dWgrqFTFY=":{"valueMac":{"type":"Buffer","data":"p5dYrXnLteaS4JPkwBx9CQqS4/Qsd+cAdfCpRGuBjfY="}},"hFoo6wp7r4/Sj3UlhCQCWpeGgFB8jYqFfZCEJF7Udus=":{"valueMac":{"type":"Buffer","data":"r/xQcIW5lW1XtRwEvYW9wxS6cQpDxDvNYwmT4GzAxhs="}},"jgNfQ96yGkQu1DzCEijgEgprINvzKZyH26WWEdcHXDQ=":{"valueMac":{"type":"Buffer","data":"ffu1I0RsNq2jdk8sI8wrMJlD4BFe6u+4S/6clLwzz5w="}},"k17YJOJGmkaCrxsbpMBkbCMIk/u1GXwN4sXaIlgykPQ=":{"valueMac":{"type":"Buffer","data":"RveqoxUIFrzKYiXpMJMkFULLJLxhCQUxmpM1/HiOX/w="}},"lgsDpILut2bSPXnS5Jv3V5FtZJ0lpTcjJ8n6w1QCngc=":{"valueMac":{"type":"Buffer","data":"oEWPgPbh4ZTMVxX7im5INAMisiWnSIoj8Zrwmyt6ZLU="}},"lwppne3ssly0Sas0UdZoySrx8pqp1aWrtQyQYrbUFVw=":{"valueMac":{"type":"Buffer","data":"3IS6FTgZ+eaXhaCQ6937f4DopCfaXzZ1QITFOc7gleY="}},"mcz00iCc1fpPrKumFnSu1jvzQwVMITZAMpm3D+eKEH4=":{"valueMac":{"type":"Buffer","data":"7z01gGmRT8/6FXLqWOzN3LGbqaKcGK4xaUSMIKN82DE="}},"mlnqyR02t4DZcswMOB53lVAUqv70GTwWVcEiHGL1gf0=":{"valueMac":{"type":"Buffer","data":"i9RAR+fRbCW+N5pB+jZ8a5AjwGKCyuM5LmPMYr+4Hzg="}},"nxOU840p6exUH2W3a3LNEK5T9O1wbbk/24s9QF2Absc=":{"valueMac":{"type":"Buffer","data":"NFNELPRTobFL9xbNMb+XDrB48cZfRRpOrEVsJtbThP4="}},"n3+x0iumHwKRyNSdlvZsM07EIipgsoeC4vZO2y0J6+Q=":{"valueMac":{"type":"Buffer","data":"1ZcBAYjjdO62HcREnmxjIj3GEE9/TcoN+Utuu1E61Lw="}},"n535e99xHlj0oswrkRROuDgBHmDyuvaivB7KfxdNTeU=":{"valueMac":{"type":"Buffer","data":"m9VxwinsrrGISuywi6ZTR0/xTnzPMXXMFjXvoaoINI4="}},"ph1TOsp2MkOPVqaw8Ug1oKFC8WcIaEDIlcxMaEAEN3s=":{"valueMac":{"type":"Buffer","data":"/pbm2HLRiqBGYtMeRV48gqPOW8NW6BcoeafKdGvbBws="}},"pqFjSRzKrLwxzcZRdX55/pnAVL7zH3UbFSwxSihTHwU=":{"valueMac":{"type":"Buffer","data":"RUL/HLlUPo9UAugOim57kSKawEZnHZyNN7Y+sTootE4="}},"qXDODJpyGqHako50Jhe3AHN//bvmbTnQe8O40yqKJug=":{"valueMac":{"type":"Buffer","data":"qnbcecx4RLVoamTZOoqI+KIWjMX8qdARTYV0yWmiBWk="}},"qmzA/l2nUSqJj149K5wQNtX6FW84KhM2NlL5S9kv5rQ=":{"valueMac":{"type":"Buffer","data":"NS5VuT+I3GoPInIcVTNlytbsrlFoKNIt/m9hvPs63OI="}},"rRXKy+SYUKpJ+kJM2uLB8qaKDNkzl5JBQ6Cgzjv0w3Y=":{"valueMac":{"type":"Buffer","data":"upeL+QTiW0wfqnuSxNvFGKpmikrQZ7TjRhCkF4WinMo="}},"rTBwNc6BKnKkOGVssEp4dHptiTR92vzLDEEEBR+1a4Y=":{"valueMac":{"type":"Buffer","data":"18rd9/HH5OZVDUd8AaWa4BczMzqKLOIuE0MOa02837Y="}},"rakxEJuy8+7Y5HTyHaY3R1IH0m6UOfS0IzyoibLvCD0=":{"valueMac":{"type":"Buffer","data":"/QQ3bUo/JdJz3iQljI3L8F6ahZPUUvTOx4EKaaT3p1o="}},"rgLATJu0kaCLuYPWGPFxYVrFHmVBUXbH398SiSyVGwI=":{"valueMac":{"type":"Buffer","data":"gdqmktJSOFRxhbtjJHju52zT+219BSo9MvrRbxlKbi8="}},"r5iPzIPHVTz7c1NASkmACZ9dmzgHwnxoU4wbV2LjTBA=":{"valueMac":{"type":"Buffer","data":"fhPKCgIuGt1bJejCsE2znIdvShLGSyg8wej96Ph/3UQ="}},"sJtYaRwDwARCl8D75lZ3gc0KP8U4xx7y/Enzb5jkpAU=":{"valueMac":{"type":"Buffer","data":"mV9ODvgfkO+ubTi4YxWqCDg51Syri6FwONrUucok4Wk="}},"sMkgVDiAVpBfww8cLBKN637U72iRhzkVqZ2wsg8gERw=":{"valueMac":{"type":"Buffer","data":"caDbsM/Um6CI4gROVqK/B0Om+0fVEP+12uFBBBYRio8="}},"srlxyaztuqHvdzN89QzF+pEE+p1WRv63xE+3F0QdnAA=":{"valueMac":{"type":"Buffer","data":"8UqGxh/Aw64z6+uB1C8AAePtNiHvycuayo+zFwdggQg="}},"tcNugcdFbkJLN6Ob1t31cdl8qEK8XlOtf9GCvsJd2QM=":{"valueMac":{"type":"Buffer","data":"ruQn1KgDOMihcGW2ncuaj1WbMCm65qbWpTFkoMwmnTs="}},"tzVZRl/+1OTbvInXlG7lTpGJedYXf1AFC9ThOwRtWPQ=":{"valueMac":{"type":"Buffer","data":"Xqw+O8x9z4sPh0IikVVza39saKDod3kB0D3eXxIjRZc="}},"uAtz2rfEXNTsw/bGGh6XEH4a+Qq2s1o+Kk5BVlrzHf8=":{"valueMac":{"type":"Buffer","data":"HxV9gijLJvL8Tm/ARc+UpSe71TMVf/Pysrj+ulrFvNk="}},"vMKHySAiy2xkmkKYT5Es2IFa2jF4KxmDlYrpRUTyRCE=":{"valueMac":{"type":"Buffer","data":"eY6WbfPmonCtNo16UOBK08ha6yYHEvjg47qbsmJgwQs="}},"xT4HR2R3irhVe8QXewiPe2mnIhWlfl7bL5bzmsZHCEw=":{"valueMac":{"type":"Buffer","data":"F6QTz36gh6Hx0OLLvZqyrBwwYoDvJRt5w0PmU025huk="}},"xcpzr8v3Mvh8PcvFr/QDWQMwts8QV/WwbcG5gJHR8D4=":{"valueMac":{"type":"Buffer","data":"STEAIeC5zrRimsLqGtf4TVBhSF8Su2DZl5i37qrbyLo="}},"zZImil4VbBPN180HJMOD83rJnIjoq4GI+oZZU9l3LoI=":{"valueMac":{"type":"Buffer","data":"lDwsWPyfplVHKABqVWBRBJgqjEDaMOVittGS4jx7jrY="}},"zjkZAKaC/qUhSS57rXonPv0wx/p2CF1ep0MNTVIQZ5s=":{"valueMac":{"type":"Buffer","data":"th6Nh7hRoDYwJJy8gY5L9QK058xxluLfvbR5slzFMYo="}},"0N/WaWaTaaI5z5HnH1MFpfKfPf4vBiwHk2H8xGzcuzA=":{"valueMac":{"type":"Buffer","data":"t2h143zNkWd8SoC5kTCjEpaGTXgRwrjbmq2zlYD2RNE="}},"0kLkeM+BRfZPhFXdhX4qxit/24hogucrZbCC6CdT3QM=":{"valueMac":{"type":"Buffer","data":"3DdHQPzqZxfOTgBsil1zH476FNPv9SeK/LWWbjOCo2M="}},"0kuJITcK6cL+j8afbcyowD/Hr1YBbg9n/4JIYCdWIlY=":{"valueMac":{"type":"Buffer","data":"Sqt9ZTzeQPDp/pxJ/mBStyvcPr0CkRzPNBLVvABZOxo="}},"1ZsuMdEszQQRZ59XpUWPQ72hvrxLrNZBm58G/KJqU6s=":{"valueMac":{"type":"Buffer","data":"a9Ktoh7wbPjqpeFaonOdDwY8JNmNo4k0gHeilKYV84g="}},"1fwP0jo2hpAmZqUlN8RpiIeHei85nt0lCx30MujQdYo=":{"valueMac":{"type":"Buffer","data":"Mao66M1yiakkIlr8dFN4mS2hNA+3cD+G6S6JMlN/MU0="}},"2PvOSaCvQhTG5ogAtGsXXIen6PcaXq911R9EsZgDBk4=":{"valueMac":{"type":"Buffer","data":"mEigQjthhdw1fU2FnCva3Fb+BP3R15NHsAE0QDCIJxM="}},"2eSsCpE3Uav+EK+rpIOf42x+oCjKGbC3fNM+HHECVhw=":{"valueMac":{"type":"Buffer","data":"WGS6+0acPzuUG8o6+rtA0xF6CzWdpc8+uNoMLEfcQ88="}},"2jWt3MRt+tRR8KqCYJQH2hDB8gRzmm4Be275w164DcY=":{"valueMac":{"type":"Buffer","data":"4W5M5aP5dYFg0003Qf0DYt20zzeTt2v30Kg6jOmfxr4="}},"3OyrQPYpb4K6u2QesO5wUDiJ1z8P8mU0jGV1X/D6wB8=":{"valueMac":{"type":"Buffer","data":"DGP61F/yxk0kLwQvBxOygoa8JV/MCBkUPne3u0sfNWI="}},"3WFCKHu87ovjptyDzqQOOnoYcaTZjYDPcEUqmUY0Ab4=":{"valueMac":{"type":"Buffer","data":"sCVb7wUr4oSrCzUmAm6CaJQPlnTOCCk1jG6+ngVf1Ag="}},"4kkZiihcvbde3GL3FfsaJff49ep3HPiaHCaEI0MuQWQ=":{"valueMac":{"type":"Buffer","data":"ewwZWnD4Cy33oz8TvHFlTEkkHaHd0RjTEtTLkhfirvM="}},"5G2GNf23OWw7dG1e3hcObySk1/+kef1nY+YXcr7Ro+w=":{"valueMac":{"type":"Buffer","data":"PUD6uGhf9IAazo3q9enFXAErEeliVpGUOwIugsaHlp4="}},"5JNAFnvAD2QusM7lN7dvbOdHYQzZ4CoL+YnJArLcUQo=":{"valueMac":{"type":"Buffer","data":"BU3mCEQku8+IERQ3O7A4cNTxNvetpmgofEIXPAMdBIc="}},"5uD6GO9+mn1RJ0CNPwUysYCE7YlFv8RMoWqwdeu7nh8=":{"valueMac":{"type":"Buffer","data":"oQC2wZobFh9xmlLdFkk78muYo4v0xedGf9pnnBMy8wg="}},"7FtPmjYk8fFUeRS3+A6csXf6rc6iNNK672WsbfmQ8n4=":{"valueMac":{"type":"Buffer","data":"zzcztWsPxDXPI89QoUxFB1SHn7qNpAyW3wNi6G1gfBw="}},"74GrBdcLcF6xvEdsnaOaJFbLwfIYXhmnQPmwyeHmutk=":{"valueMac":{"type":"Buffer","data":"v/4D5Uf1z/W6JZ+Vijw9vukIU+0Yln8vtRV/XY0KpPc="}},"74f1uvlwm0h/WTt39ob3lJuwdtpi/L3YUjQ1Gq1aFM0=":{"valueMac":{"type":"Buffer","data":"L1Z/vfTgO2GScujumtYKhJUOa7SdqKgv/WVbyvQlv8k="}},"8Tv7oV7HsqG81HTBxXAe2uePKTFCw7SE5EiUeU8ijpY=":{"valueMac":{"type":"Buffer","data":"tHqm1Ie8kP+2bCH+5E+ZZjYhqXq1k6JIvl6KHx803UI="}},"9VZlvNSCo6xJIXGe2nUMr8dCDL0UPybPjVXrASZ+KB0=":{"valueMac":{"type":"Buffer","data":"rlEhsfKxjXwHKc2LeQZg8NA7uZB1FyPY59URhP4zF3c="}},"9lcDi+mshzTzQ0e4pqEpu1tAYmS+xeoLNbVmCicxytA=":{"valueMac":{"type":"Buffer","data":"NcCiRFJkzO3GWeJacZWLmcbIOlaZka9XRYxKFqvHYGE="}},"90f9dQJUEtOQG6hMtYxCE6T1IL957ye11TdlRftWwsY=":{"valueMac":{"type":"Buffer","data":"oULeRy8FWXuPxLH3PAfnjBIVNM0nhhk8kbxxXWUILCk="}},"+DH8y+wRz69hZWbWoWPpW1Ps7p+W0wKe3F6ruAcCBmA=":{"valueMac":{"type":"Buffer","data":"V3bKd/BQi0TwIU+Pl7d63vtCuMfFNwyp/LtywEsO5n0="}},"+o1hxdjKUCR3/XrjzuwmMMAMuKS1qF9wQiCdlHWrgpY=":{"valueMac":{"type":"Buffer","data":"fpg/wpcx8bQTyfKg8tA8l3N0QmPGEWzwd/ZlX8mDlhs="}},"/mKqw8ubwRBo4JgY2Uut+IpzNdJyDwkv0sWFcf4JI7k=":{"valueMac":{"type":"Buffer","data":"yjLtXzIEflEa4ydm8Hqc4Tmp1LHmF/rCNCOK2qYucl4="}},"zwvWWNeHKGq4g6GPTJ5Tv2VIHBGBzaavjlljJHpfRA8=":{"valueMac":{"type":"Buffer","data":"27us/Ue2QFH5mrOW1HWo8C+SOLK+FAvdcOjT07oW7Pw="}},"s4zdEQ6lyCC2AMs8apToWfPL+YqTjiONZt5dFa7YcIQ=":{"valueMac":{"type":"Buffer","data":"FqUqP7ulxkPV4KPURRE1YNQMGay4A+oOxMZL8IsE2nE="}},"ahLqXa1eTYu3VT/rjSJlGK3yIK2JhFe8TwMxHCsdJns=":{"valueMac":{"type":"Buffer","data":"Xm/XUddQCvHcKMx03T6V9non8dVmygDfEL4SmHVp0SA="}},"A4qLqQhREnIJGZd3lkc0JHpoLhkJt/yvYnLpQCCO/oQ=":{"valueMac":{"type":"Buffer","data":"0x5Bvnii1f2d5t8UgcjtqaKYygfUI/bb8cH16eZcshQ="}},"b+MR0PNsZXII8zwotyWAnJ+sr1A6UOQlk8MP8xNm06s=":{"valueMac":{"type":"Buffer","data":"HLFC6A+t2SPb9NCJ7KYcSyI0OiKq1Ke5GSw3EJ0Pi2Q="}},"L6iMeV2yN0mIPXMouM0Yj/wOX4Jr5ASJ96tISHvI750=":{"valueMac":{"type":"Buffer","data":"NIEEuuMaETKk2oc+/D/JvWJYK7hln9HEUmJWT6DbBKs="}},"NqLz3Uo6OADFAsShASQu97kdtQs1fciQix0q10z/JSo=":{"valueMac":{"type":"Buffer","data":"bfA6Aa62atjzqiyol7fIbNkavB7cnXOkPbasMqbJlUY="}},"1bNQvbJHTOp1NC51gY+HVjosEVkWz4P8kVsX5ap68pE=":{"valueMac":{"type":"Buffer","data":"zqxcbXepbr11QXfTo6AHjVIpipV4k/XNbVHRhNLH8Ug="}},"cXS0XFn+ldOlwqqy8jDniDdXpeIlRMdm5MimZ5WZaXA=":{"valueMac":{"type":"Buffer","data":"SKKUvlFx5mPqQVX5DnQwprGX3kz1r3u6Yg89Mzm/6Uc="}},"sOxTo7ZLwMh5kjsBPIRoH1Hd2i6u7TfjXcJq0GqFZGs=":{"valueMac":{"type":"Buffer","data":"x5VLB5QG7cDp15s5jZG5bP090+7S88CiNH4BmN0l/9M="}},"Wc5cDEYnCQRC8YviDQNQ/onIkhT0RFypfRcys54G0JU=":{"valueMac":{"type":"Buffer","data":"5a6T7lys82F2JO6JLikAaNOm5hG76z2BHdZgV4UOX1A="}},"J6ZH+rabMVQ/3Pm9za+p+XJPkflJs80wbvmSyDSXzyk=":{"valueMac":{"type":"Buffer","data":"Mj3+XAanBw2b8yvMmVx4Zcl8euOgFsyfJx2TX+YPd/g="}},"zcvzuFu7rn1/o7PNcMZsdfOP1UCEIvQRvc/su26xt3I=":{"valueMac":{"type":"Buffer","data":"nxPBftLcZN58cdsDoK65y00qEDT8sI6h6pAufUVe0Ck="}},"SB8+RxTW1Sjzu2TDNeE+Q1MUyIJAhyuME/rJAbkFOKo=":{"valueMac":{"type":"Buffer","data":"b+lyD3WR2/F8FZ1V3rnuc2srUYfO0gQZHS8fHsj5Ldg="}},"Ad70tokOuWA26w2/GAoED6v4HuFy179/N3dX1dJuGic=":{"valueMac":{"type":"Buffer","data":"MMZrfTlye6f/kgLnpgFzclbn7jWzLtSzOQSggRcgS8I="}},"F2u7WbSlTpSpGoRP3+DRg741grjKOKrpglhrcm/UMbA=":{"valueMac":{"type":"Buffer","data":"L8MB/N4GQM/8OxQrNn5vbXS7J/VT1AqqHc58obRjD2A="}},"S7IzPu9QvH8MegK3GUlEdNv4AhTZ0ep2RhJevdBwir8=":{"valueMac":{"type":"Buffer","data":"Z4+yzJvHUE9NXU/ACHHdB0ifRO1i9CWR3E1T+ng1rLU="}},"h+WViuFctx/epaROa0qfVdjvFNDmJmoluEEqJIxAw2M=":{"valueMac":{"type":"Buffer","data":"eXtNEzN552SckpVrHOAbM/zalsRJ/nd1vUiuasaDiAk="}},"UbCvCViZLJaWpIO3AmGuGnApvRzBIZjkkEAijlSBEMo=":{"valueMac":{"type":"Buffer","data":"/M6Ivb5XmtUKWdQH4BeVSdbJSnqii4JhqUsjWjvCZqE="}},"Yszgi/FERKjMfJHHSd+f9QJWYnWcyAIptO9TsLAnKpo=":{"valueMac":{"type":"Buffer","data":"kjyZc2n6cS/fDOUtc1xGomRmV+58jsqhmk1AOBZErYA="}},"EsiLqn5oJag1UL6gVNP4MfjZ5c2cYe1WvHbYv/MTE30=":{"valueMac":{"type":"Buffer","data":"lBgGVRM5aRwYAnO4ANr7PLbsk5YVqAVTPY+zuj8J/LM="}},"VvHLbigtLH3pM/f/w+ZhvIDhzTOei6fP2pXoN7wEnZk=":{"valueMac":{"type":"Buffer","data":"cQwpGfvz9V0LzeB/sWrb5H4C+dBf4H4PdNS1Wt2l6us="}},"u0c3y6xMAIUSRDqok6iWzIwkFDFkIWL/3P//t9PutJk=":{"valueMac":{"type":"Buffer","data":"tEL9harl6SXy6LirT+fIED3Xe0tehcyZjsDAMvXFEdo="}},"r5sNWdZUDLDMSN0Ie9OGm51neNnb7QXqZfoXyvofwSM=":{"valueMac":{"type":"Buffer","data":"bxSYO/zCAYMNFU7jyyEGwP3hmhuDyW9vlkOIoFgavlc="}},"oxgnwMZbrKryALaDEt9cMrcx2IQBOQQVoSQxtjKODAw=":{"valueMac":{"type":"Buffer","data":"BAG7a4ElW6ed6j47SpLJ0Jtu4Ye4Yvwe/x4J0omsGaI="}},"UUv30+zTXK1GcLeEuo72ozdkvMbTGSLKd3UrlZ1m/RY=":{"valueMac":{"type":"Buffer","data":"ffjjanLe9F9mSs00JUp0dcU1J9FQhiVBlJvTw2WDPeg="}},"ks4ItZ/tHbC9x6evfETJfwcGGHNa/JcZUpjPOnDk9Ko=":{"valueMac":{"type":"Buffer","data":"fZtmFBaOV2uR5gXHKyPmGNzUN0+ml3cmh5knDk+aq50="}},"s8kYlNyLmadvv6uYHAxIeSnPgTwRVz7wUKTXd/jLf2M=":{"valueMac":{"type":"Buffer","data":"nz43IMAvHOWnXIN2TJngurTYAEqwSQx0hr77xaF3jLQ="}},"Y4CKQtrGVt8ELPI2wwsHboUtCqPTdBrYEoCOBVwcUco=":{"valueMac":{"type":"Buffer","data":"Y1kx+s0+U0jkLZgISEwvCLzXDekvahtI4MRS+hKJSyE="}},"Gk2WK9HZVq/EPxdaYy0OSl1iFlwTD+cOslfBDLpSmTQ=":{"valueMac":{"type":"Buffer","data":"E2WQxURyiYhxPrO/M5EGoI07x2/khCN6/KGj2zwGbdY="}},"Ya4RmgHBzAR7SJjJPgWvpe4kpEPilx8K2Lo/lVfxEc8=":{"valueMac":{"type":"Buffer","data":"oQhhFD33OsQW4cHGXXR/4xkIHF4zoL/UpIAsmk4W3fY="}}}}