{"noiseKey":{"private":{"type":"Buffer","data":"cAZ37boFhVmOcwPS9RjNDtVanG4sfWeLjaKvOHT073E="},"public":{"type":"Buffer","data":"9xVbSeAwMYCsL6TahX3gdaPFfk6mIFdfv/dhvjrS3Hk="}},"signedIdentityKey":{"private":{"type":"Buffer","data":"gEfQg/pkklxZDkhRv47x+iF2FehhWIyZzJN9AdUZxGY="},"public":{"type":"Buffer","data":"x1qF7W1hE5344NVhf99HRFvuj/m+Kl05HQwYqc0E1Eo="}},"signedPreKey":{"keyPair":{"private":{"type":"Buffer","data":"AKyPLBZEXKsRUpHAMbRKujFkeo3WhFEz1kaNT/wPDWM="},"public":{"type":"Buffer","data":"F7lY4AUoSxxUBRpzqR6YJinBjZAL2XU3pdTlFyez0xA="}},"signature":{"type":"Buffer","data":"hH/vPFNNTgepM52F//naKhmPbft5qGOUgKVgg3cEYC0GvW3Q0Bh1WvpZ44x9CcZcXglUV9rh7/cU0rBmP9c5gA=="},"keyId":1},"registrationId":62,"advSecretKey":"0pLwZ/eETUg6pFvUlRgNRXTAdK/40HEwHoASncxpf2w=","processedHistoryMessages":[{"key":{"remoteJid":"19293014184@s.whatsapp.net","fromMe":true,"id":"3CADF8554CC4D89DC5F9A1DEAD08B6DB"},"messageTimestamp":1686822342},{"key":{"remoteJid":"19293014184@s.whatsapp.net","fromMe":true,"id":"D290F53643B05DEFACC91DFC3F85721E"},"messageTimestamp":1686822343},{"key":{"remoteJid":"19293014184@s.whatsapp.net","fromMe":true,"id":"0689D67BD11BE632DDB32B9C03D9C7F6"},"messageTimestamp":1686822404}],"nextPreKeyId":31,"firstUnuploadedPreKeyId":31,"accountSyncCounter":1,"accountSettings":{"unarchiveChats":false},"account":{"details":"CNK2ydoCELu7q6QGGAE=","accountSignatureKey":"94ONUtuUx0NjKZDYxkcWBMDQVlzdA53Imq6P4hmAuBs=","accountSignature":"/PqF5FzLAyJd85FXN0c4GFb3wcB2dDpXM3zTBUSMwR/0DIvQ+jG5rAY6AS+cQCTEYsKMBj1VguJajyBQr1TlDQ==","deviceSignature":"BiAfjFBkdIy66vmctPv461BBZsJANRDcv7unqROjOKBLieNw638xjbkaJlEMMUGstzwdWDSi0iaHhRNwYj3uiA=="},"me":{"id":"19293014184:16@s.whatsapp.net","name":"KONEKO-MD"},"signalIdentities":[{"identifier":{"name":"19293014184:16@s.whatsapp.net","deviceId":0},"identifierKey":{"type":"Buffer","data":"BfeDjVLblMdDYymQ2MZHFgTA0FZc3QOdyJquj+IZgLgb"}}],"platform":"android","lastAccountSyncTimestamp":1686822334,"myAppStateKeyId":"AAAAAPU3"}