{"_sessions":{"BZnOnVqSjYzcTP1Mhv2qiOx9EQcKIgdW9QN8vWOSRvps":{"registrationId":48,"currentRatchet":{"ephemeralKeyPair":{"pubKey":"BXNx/tDnTgDD8cntN2lYBEdK77VmFQXR7NpUw+rV459/","privKey":"0J+1PwFe+UIZvGehk9G5IbNqtuXLrcK8pCwLioUFtnE="},"lastRemoteEphemeralKey":"Bd7hTpKBgu3LVIRiKUvxxxny7oKhzjyaFZFxwr3TUvhi","previousCounter":0,"rootKey":"LTrGRjjYcNaXzlZv8nhlGQ+w/cXs428EDKyw5HuD8uo="},"indexInfo":{"baseKey":"BZnOnVqSjYzcTP1Mhv2qiOx9EQcKIgdW9QN8vWOSRvps","baseKeyType":2,"closed":-1,"used":1686822354320,"created":1686822354320,"remoteIdentityKey":"BZFjt3+Plh2M2AD7KAPvGH+7mTiJmp+LDxa6ZRDoW7c/"},"_chains":{"Bd7hTpKBgu3LVIRiKUvxxxny7oKhzjyaFZFxwr3TUvhi":{"chainKey":{"counter":0,"key":"IE0NTngVfOfy4YYcTpeFKKbBYfTQgM45aZAS5T/fsKc="},"chainType":2,"messageKeys":{}},"BXNx/tDnTgDD8cntN2lYBEdK77VmFQXR7NpUw+rV459/":{"chainKey":{"counter":-1,"key":"Y1LQSzoJbWV1OjV0Cgsk1e0dqApK+0XrBpEMfnM4G2A="},"chainType":1,"messageKeys":{}}}}},"version":"v1"}