{"_sessions":{"BbcA5ZC68XlEQZ7JhT1OvyQO+3y/lWBpoitQUg2UBJdg":{"registrationId":2114501748,"currentRatchet":{"ephemeralKeyPair":{"pubKey":"BaG761XAwrtkgAzDWekyohMbRF0mWwlsaDU5eoAmCOkk","privKey":"KOyT0wju3+SyyC3RP2rq94tLJfcbqMBQciAHBryKVH4="},"lastRemoteEphemeralKey":"Bbz7SnaY8wJaqbudWg/GhmrnkVkwaz8aSPnf4TReLB19","previousCounter":0,"rootKey":"VnEdn4eKqXbDIn+zAASUaHJTiqPg6/YjTLcjb2mZGag="},"indexInfo":{"baseKey":"BbcA5ZC68XlEQZ7JhT1OvyQO+3y/lWBpoitQUg2UBJdg","baseKeyType":1,"closed":1686822336189,"used":1686822404933,"created":1686822335570,"remoteIdentityKey":"BfeDjVLblMdDYymQ2MZHFgTA0FZc3QOdyJquj+IZgLgb"},"_chains":{"Bbz7SnaY8wJaqbudWg/GhmrnkVkwaz8aSPnf4TReLB19":{"chainKey":{"counter":5,"key":"NOKWpcaAdBjiK7l1lrzhw4nDAxdAPaU+Acu6pi0ni28="},"chainType":2,"messageKeys":{}},"BaG761XAwrtkgAzDWekyohMbRF0mWwlsaDU5eoAmCOkk":{"chainKey":{"counter":-1,"key":"Xikypk0MIhdmzN8x4E7bvGbwbDLjb0rcRx09XTpgNlc="},"chainType":1,"messageKeys":{}}}},"BR+nLIb88xj0mo+SR+Yrp35T83RiqpSW2FLUCYMrjX08":{"registrationId":2114501748,"currentRatchet":{"ephemeralKeyPair":{"pubKey":"BW0k75Be559B9JfUJp/b9Cg5Ug7dhVb+K/QKMciRnVku","privKey":"AP/8FfyM3zBHBCOxXHo3Xnge8uRd7fEEC+ss4+9JOVo="},"lastRemoteEphemeralKey":"Bbz7SnaY8wJaqbudWg/GhmrnkVkwaz8aSPnf4TReLB19","previousCounter":-1,"rootKey":"iwXKPCrQA5jMMX+sv8gCdYo1It8P+wVNzqh7B0tkL0Y="},"indexInfo":{"baseKey":"BR+nLIb88xj0mo+SR+Yrp35T83RiqpSW2FLUCYMrjX08","baseKeyType":2,"closed":-1,"used":1686822336192,"created":1686822336192,"remoteIdentityKey":"BfeDjVLblMdDYymQ2MZHFgTA0FZc3QOdyJquj+IZgLgb"},"_chains":{"Bf23aoJc9MsUHYzYAH3X+uLE5yUNKLEw5GyAshUw/AtP":{"chainKey":{"counter":0},"chainType":2,"messageKeys":{}},"Bbz7SnaY8wJaqbudWg/GhmrnkVkwaz8aSPnf4TReLB19":{"chainKey":{"counter":0,"key":"SEQvD7VmjEMpK/DhBHfKuSr9k0Qd4bVOqWadwC6aUPw="},"chainType":2,"messageKeys":{}},"BW0k75Be559B9JfUJp/b9Cg5Ug7dhVb+K/QKMciRnVku":{"chainKey":{"counter":-1,"key":"3cvIEzwIdq7roGrhB26z14PeekbOKOAa9+qu0J0j7eI="},"chainType":1,"messageKeys":{}}}}},"version":"v1"}