{"_sessions":{"BZmgTrYdiUPtJWRetrfW2Nd9B6a9+RFWoWQLKhbVFVxU":{"registrationId":920927992,"currentRatchet":{"ephemeralKeyPair":{"pubKey":"BZzno6dVhIoYkixmoUTMkWAPc0OQyrNDolFHx5nC4m1I","privKey":"WJSXqWlQ6iUf78Cpkc7cgzjzRwZJCKF0l8fOkt4/fGA="},"lastRemoteEphemeralKey":"BcOE1fUgmgWB6/GW72iZGWPFbii3//QbQMQVKIyWvX11","previousCounter":0,"rootKey":"Tu49FLRE/q2/O1D3KN1SBV/akjhA+MMJI6Pf2rF/0ng="},"indexInfo":{"baseKey":"BZmgTrYdiUPtJWRetrfW2Nd9B6a9+RFWoWQLKhbVFVxU","baseKeyType":2,"closed":-1,"used":1686822350905,"created":1686822350905,"remoteIdentityKey":"Bdo8HJmHGEnmwlSFCdebSEm9rO+eZzbSLqwRf3Oja8Vp"},"_chains":{"BcOE1fUgmgWB6/GW72iZGWPFbii3//QbQMQVKIyWvX11":{"chainKey":{"counter":0,"key":"yebR6/eJClPeV3j3V6GKhI0MlWMjQXYIyv6UX11+GhU="},"chainType":2,"messageKeys":{}},"BZzno6dVhIoYkixmoUTMkWAPc0OQyrNDolFHx5nC4m1I":{"chainKey":{"counter":-1,"key":"dqgiSgf3AE5G8fXXi4Ok/cNqCvLk1Ss4EOBivt5Djk4="},"chainType":1,"messageKeys":{}}}}},"version":"v1"}