{"_sessions":{"BUKnHVnJyi2ZcWkTFUAZ91TBuBzh48IzXResAfGO3phP":{"registrationId":1580695625,"currentRatchet":{"ephemeralKeyPair":{"pubKey":"Ban38ATAf+594gpYo8OvcN1cZVuY1rrpKDbjY0X/njlK","privKey":"YIGXi05QFSSUTGdafXvNmSWoEzvwO9q1jqRqPLCj8n0="},"lastRemoteEphemeralKey":"BUm3JxsN3lflRcDj34C0U49QC5FLBglqlFzi7ivTLVQS","previousCounter":0,"rootKey":"GGHQz8ufbjQLwebqFJKRQJOkNa1nRM/ZoH9t7FXDuJs="},"indexInfo":{"baseKey":"BUKnHVnJyi2ZcWkTFUAZ91TBuBzh48IzXResAfGO3phP","baseKeyType":1,"closed":-1,"used":1686822427743,"created":1686822335573,"remoteIdentityKey":"BT0QHnvmC5a6/6gAWmwBnMb2MMZxs/50qB4LpKjB9GMA"},"_chains":{"BUm3JxsN3lflRcDj34C0U49QC5FLBglqlFzi7ivTLVQS":{"chainKey":{"counter":1,"key":"fnRpdnGYdNMY8tVlxwVxooCfqUAs+FCtViyxRPQQp/c="},"chainType":2,"messageKeys":{}},"Ban38ATAf+594gpYo8OvcN1cZVuY1rrpKDbjY0X/njlK":{"chainKey":{"counter":-1,"key":"1DkvvXXOJm0WWahmWP71cStVybEVGTl1WooLmfE5faw="},"chainType":1,"messageKeys":{}}}}},"version":"v1"}